{
  "5": 184517.31490023452,
  "10": 84647.90652728955,
  "15": 47615.733008934025,
  "20": 16046.93449979532,
  "25": -4736.279828063643,
  "30": -18658.736697235887
}